,movie_id,poster
0,540151,https://walter-r2.trakt.tv/images/movies/000/540/151/posters/thumb/748e123b39.jpg.webp
1,997729,https://walter-r2.trakt.tv/images/movies/000/997/729/posters/thumb/f935858c9f.jpg.webp
2,763995,https://walter-r2.trakt.tv/images/movies/000/763/995/posters/thumb/37c2ee9e9d.jpg.webp
3,966319,https://walter-r2.trakt.tv/images/movies/000/966/319/posters/thumb/e7aec3b005.jpg.webp
4,904978,https://walter-r2.trakt.tv/images/movies/000/904/978/posters/thumb/8c59f71b15.jpg.webp
5,916302,https://walter-r2.trakt.tv/images/movies/000/916/302/posters/thumb/8626a5dc77.jpg.webp
6,964679,https://walter-r2.trakt.tv/images/movies/000/964/679/posters/thumb/bd11e459ab.jpg.webp
7,1017204,https://walter-r2.trakt.tv/images/movies/001/017/204/posters/thumb/5e2b351fc4.jpg.webp
8,614652,https://walter-r2.trakt.tv/images/movies/000/614/652/posters/thumb/964585bb84.jpg.webp
9,655031,https://walter-r2.trakt.tv/images/movies/000/655/031/posters/thumb/9eadd9bc48.jpg.webp
10,156893,https://walter-r2.trakt.tv/images/movies/000/156/893/posters/thumb/3acefe889e.jpg.webp
11,871757,https://walter-r2.trakt.tv/images/movies/000/871/757/posters/thumb/1355dc95a7.jpg.webp
12,763780,https://walter-r2.trakt.tv/images/movies/000/763/780/posters/thumb/93b62a8f24.jpg.webp
13,781338,https://walter-r2.trakt.tv/images/movies/000/781/338/posters/thumb/6ea9284764.jpg.webp
14,600937,https://walter-r2.trakt.tv/images/movies/000/600/937/posters/thumb/efa100e081.jpg.webp
15,905958,https://walter-r2.trakt.tv/images/movies/000/905/958/posters/thumb/10820ed9ff.jpg.webp
16,1005024,https://walter-r2.trakt.tv/images/movies/001/005/024/posters/thumb/df8aab0a4d.jpg.webp
17,856080,https://walter-r2.trakt.tv/images/movies/000/856/080/posters/thumb/6c9c616b9e.jpg.webp
18,905982,https://walter-r2.trakt.tv/images/movies/000/905/982/posters/thumb/8a52ff15d3.jpg.webp
19,994270,https://walter-r2.trakt.tv/images/movies/000/994/270/posters/thumb/629642609d.jpg.webp
20,970418,https://walter-r2.trakt.tv/images/movies/000/970/418/posters/thumb/469ae053fe.jpg.webp
21,656016,https://walter-r2.trakt.tv/images/movies/000/656/016/posters/thumb/d04fb30064.jpg.webp
22,495543,https://walter-r2.trakt.tv/images/movies/000/495/543/posters/thumb/87284da14c.jpg.webp
23,1032845,https://walter-r2.trakt.tv/images/movies/001/032/845/posters/thumb/459e3bee64.jpg.webp
24,753684,https://walter-r2.trakt.tv/images/movies/000/753/684/posters/thumb/82dcda0407.jpg.webp
25,290190,https://walter-r2.trakt.tv/images/movies/000/290/190/posters/thumb/c5019e18bd.jpg.webp
26,365073,https://walter-r2.trakt.tv/images/movies/000/365/073/posters/thumb/d6f6e60578.jpg.webp
27,102156,https://walter-r2.trakt.tv/images/movies/000/102/156/posters/thumb/7fcf530e15.jpg.webp
28,977993,https://walter-r2.trakt.tv/images/movies/000/977/993/posters/thumb/216d2b4892.jpg.webp
29,409281,https://walter-r2.trakt.tv/images/movies/000/409/281/posters/thumb/3a9cb9e155.jpg.webp
30,748546,https://walter-r2.trakt.tv/images/movies/000/748/546/posters/thumb/a81516309e.jpg.webp
31,82405,https://walter-r2.trakt.tv/images/movies/000/082/405/posters/thumb/053b97aea3.jpg.webp
32,190430,https://walter-r2.trakt.tv/images/movies/000/190/430/posters/thumb/341427aaa0.jpg.webp
33,808857,https://walter-r2.trakt.tv/images/movies/000/808/857/posters/thumb/b1fde04511.jpg.webp
34,391372,https://walter-r2.trakt.tv/images/movies/000/391/372/posters/thumb/953ae3347b.jpg.webp
35,395672,https://walter-r2.trakt.tv/images/movies/000/395/672/posters/thumb/6dd2e7b140.jpg.webp
36,449452,https://walter-r2.trakt.tv/images/movies/000/449/452/posters/thumb/d9e50b630b.jpg.webp
37,685641,https://walter-r2.trakt.tv/images/movies/000/685/641/posters/thumb/1656276972.jpg.webp
38,955488,https://walter-r2.trakt.tv/images/movies/000/955/488/posters/thumb/49160b921e.jpg.webp
39,611948,https://walter-r2.trakt.tv/images/movies/000/611/948/posters/thumb/b955658916.jpg.webp
40,120,https://walter-r2.trakt.tv/images/movies/000/000/120/posters/thumb/8369bf0d4a.jpg.webp
41,929147,https://walter-r2.trakt.tv/images/movies/000/929/147/posters/thumb/1c8441e7e7.jpg.webp
42,6982,https://walter-r2.trakt.tv/images/movies/000/006/982/posters/thumb/0253ee03f8.jpg.webp
43,191797,https://walter-r2.trakt.tv/images/movies/000/191/797/posters/thumb/f593432c60.jpg.webp
44,1043205,https://walter-r2.trakt.tv/images/movies/001/043/205/posters/thumb/549319ed65.jpg.webp
45,481,https://walter-r2.trakt.tv/images/movies/000/000/481/posters/thumb/373310d2ee.jpg.webp
46,88,https://walter-r2.trakt.tv/images/movies/000/000/088/posters/thumb/73a273048f.jpg.webp
47,191798,https://walter-r2.trakt.tv/images/movies/000/191/798/posters/thumb/1700e93125.jpg.webp
48,730642,https://walter-r2.trakt.tv/images/movies/000/730/642/posters/thumb/85fdcd99b2.jpg.webp
49,293904,https://walter-r2.trakt.tv/images/movies/000/293/904/posters/thumb/7157c4fdaf.jpg.webp
50,149640,https://walter-r2.trakt.tv/images/movies/000/149/640/posters/thumb/5390457ad0.jpg.webp
51,16662,https://walter-r2.trakt.tv/images/movies/000/016/662/posters/thumb/d961c8577b.jpg.webp
52,990784,https://walter-r2.trakt.tv/images/movies/000/990/784/posters/thumb/e543e11f49.jpg.webp
53,297485,https://walter-r2.trakt.tv/images/movies/000/297/485/posters/thumb/6e3d1206ea.jpg.webp
54,14701,https://walter-r2.trakt.tv/images/movies/000/014/701/posters/thumb/edad761a8a.jpg.webp
55,349425,https://walter-r2.trakt.tv/images/movies/000/349/425/posters/thumb/727d878335.jpg.webp
56,175475,https://walter-r2.trakt.tv/images/movies/000/175/475/posters/thumb/8b65d6e790.jpg.webp
57,399330,https://walter-r2.trakt.tv/images/movies/000/399/330/posters/thumb/33a922b372.jpg.webp
58,907654,https://walter-r2.trakt.tv/images/movies/000/907/654/posters/thumb/4743ec5d60.jpg.webp
59,545,https://walter-r2.trakt.tv/images/movies/000/000/545/posters/thumb/edb1130bfb.jpg.webp
60,51342,https://walter-r2.trakt.tv/images/movies/000/051/342/posters/thumb/fdd7c5f3f0.jpg.webp
61,1041018,https://walter-r2.trakt.tv/images/movies/001/041/018/posters/thumb/09cd2ff7b6.jpg.webp
62,783046,https://walter-r2.trakt.tv/images/movies/000/783/046/posters/thumb/320282dbfa.jpg.webp
63,918315,https://walter-r2.trakt.tv/images/movies/000/918/315/posters/thumb/517f872f91.jpg.webp
64,12269,https://walter-r2.trakt.tv/images/movies/000/012/269/posters/thumb/12c85d38cd.jpg.webp
65,1157,https://walter-r2.trakt.tv/images/movies/000/001/157/posters/thumb/b0158ecb11.jpg.webp
66,820687,https://walter-r2.trakt.tv/images/movies/000/820/687/posters/thumb/31eba480c2.jpg.webp
67,77349,https://walter-r2.trakt.tv/images/movies/000/077/349/posters/thumb/a17069ed77.jpg.webp
68,537449,https://walter-r2.trakt.tv/images/movies/000/537/449/posters/thumb/2acc44f507.jpg.webp
69,367444,https://walter-r2.trakt.tv/images/movies/000/367/444/posters/thumb/40eead7db6.jpg.webp
70,181256,https://walter-r2.trakt.tv/images/movies/000/181/256/posters/thumb/7e5624f875.jpg.webp
71,783020,https://walter-r2.trakt.tv/images/movies/000/783/020/posters/thumb/066da82a11.jpg.webp
72,75735,https://walter-r2.trakt.tv/images/movies/000/075/735/posters/thumb/c16d9c81f0.jpg.webp
73,611574,https://walter-r2.trakt.tv/images/movies/000/611/574/posters/thumb/f04a686174.jpg.webp
74,181311,https://walter-r2.trakt.tv/images/movies/000/181/311/posters/thumb/022cd5dad1.jpg.webp
75,90,https://walter-r2.trakt.tv/images/movies/000/000/090/posters/thumb/308c97714c.jpg.webp
76,203309,https://walter-r2.trakt.tv/images/movies/000/203/309/posters/thumb/c701994fc3.jpg.webp
77,815128,https://walter-r2.trakt.tv/images/movies/000/815/128/posters/thumb/8345daa893.jpg.webp
78,882689,https://walter-r2.trakt.tv/images/movies/000/882/689/posters/thumb/fc67a954aa.jpg.webp
79,759944,https://walter-r2.trakt.tv/images/movies/000/759/944/posters/thumb/f2e66df65b.jpg.webp
80,822464,https://walter-r2.trakt.tv/images/movies/000/822/464/posters/thumb/0b010863c6.jpg.webp
81,546,https://walter-r2.trakt.tv/images/movies/000/000/546/posters/thumb/b1bb9bbdc2.jpg.webp
82,287071,https://walter-r2.trakt.tv/images/movies/000/287/071/posters/thumb/11047a3b78.jpg.webp
83,276,https://walter-r2.trakt.tv/images/movies/000/000/276/posters/thumb/96f656c113.jpg.webp
84,651,https://walter-r2.trakt.tv/images/movies/000/000/651/posters/thumb/1df44653f4.jpg.webp
85,957456,https://walter-r2.trakt.tv/images/movies/000/957/456/posters/thumb/c1a87a4e28.jpg.webp
86,89,https://walter-r2.trakt.tv/images/movies/000/000/089/posters/thumb/20019dee8d.jpg.webp
87,169105,https://walter-r2.trakt.tv/images/movies/000/169/105/posters/thumb/21a0b886e1.jpg.webp
88,12601,https://walter-r2.trakt.tv/images/movies/000/012/601/posters/thumb/e0d9dd35c5.jpg.webp
89,990700,https://walter-r2.trakt.tv/images/movies/000/990/700/posters/thumb/1662b509d4.jpg.webp
90,183371,https://walter-r2.trakt.tv/images/movies/000/183/371/posters/thumb/8767195506.jpg.webp
91,561219,https://walter-r2.trakt.tv/images/movies/000/561/219/posters/thumb/c7ab36264f.jpg.webp
92,432,https://walter-r2.trakt.tv/images/movies/000/000/432/posters/thumb/7eb46b87e2.jpg.webp
93,1416,https://walter-r2.trakt.tv/images/movies/000/001/416/posters/thumb/6cf5155137.jpg.webp
94,234,https://walter-r2.trakt.tv/images/movies/000/000/234/posters/thumb/a97015926b.jpg.webp
95,196213,https://walter-r2.trakt.tv/images/movies/000/196/213/posters/thumb/20b20b707d.jpg.webp
96,5853,https://walter-r2.trakt.tv/images/movies/000/005/853/posters/thumb/e5a3035514.jpg.webp
97,916704,https://walter-r2.trakt.tv/images/movies/000/916/704/posters/thumb/70edfbb4b2.jpg.webp
98,698292,https://walter-r2.trakt.tv/images/movies/000/698/292/posters/thumb/5a072067e7.jpg.webp
99,965558,https://walter-r2.trakt.tv/images/movies/000/965/558/posters/thumb/2abf7297f9.jpg.webp
100,922793,https://walter-r2.trakt.tv/images/movies/000/922/793/posters/thumb/5b176b73a8.jpg.webp
101,547,https://walter-r2.trakt.tv/images/movies/000/000/547/posters/thumb/0046b97675.jpg.webp
102,1014914,https://walter-r2.trakt.tv/images/movies/001/014/914/posters/thumb/bc9afee233.jpg.webp
103,888803,https://walter-r2.trakt.tv/images/movies/000/888/803/posters/thumb/bc9c919499.jpg.webp
104,1159813,https://walter-r2.trakt.tv/images/movies/001/159/813/posters/thumb/bfe81747ea.jpg.webp
105,1134823,https://walter-r2.trakt.tv/images/movies/001/134/823/posters/thumb/e432bff64f.jpg.webp
106,210803,https://walter-r2.trakt.tv/images/movies/000/210/803/posters/thumb/fc306afd42.jpg.webp
107,9,https://walter-r2.trakt.tv/images/movies/000/000/009/posters/thumb/6d4da676cc.jpg.webp
108,474180,https://walter-r2.trakt.tv/images/movies/000/474/180/posters/thumb/9ce30fb23f.jpg.webp
109,72719,https://walter-r2.trakt.tv/images/movies/000/072/719/posters/thumb/fc3ae9e451.jpg.webp
110,789,https://walter-r2.trakt.tv/images/movies/000/000/789/posters/thumb/102bb5a41e.jpg.webp
111,322988,https://walter-r2.trakt.tv/images/movies/000/322/988/posters/thumb/b2fa5f3d6c.jpg.webp
112,977523,https://walter-r2.trakt.tv/images/movies/000/977/523/posters/thumb/9d0649e480.jpg.webp
113,1027240,https://walter-r2.trakt.tv/images/movies/001/027/240/posters/thumb/76ecccb7c3.jpg.webp
114,610,https://walter-r2.trakt.tv/images/movies/000/000/610/posters/thumb/9d1a0c8829.jpg.webp
115,1012109,https://walter-r2.trakt.tv/images/movies/001/012/109/posters/thumb/188240fb9c.jpg.webp
116,548,https://walter-r2.trakt.tv/images/movies/000/000/548/posters/thumb/7b99ee4b12.jpg.webp
117,10322,https://walter-r2.trakt.tv/images/movies/000/010/322/posters/thumb/df88007e18.jpg.webp
118,635041,https://walter-r2.trakt.tv/images/movies/000/635/041/posters/thumb/40c708879d.jpg.webp
119,228,https://walter-r2.trakt.tv/images/movies/000/000/228/posters/thumb/dc2a3555df.jpg.webp
120,72297,https://walter-r2.trakt.tv/images/movies/000/072/297/posters/thumb/563efc9b64.jpg.webp
121,18,https://walter-r2.trakt.tv/images/movies/000/000/018/posters/thumb/b6d96d7441.jpg.webp
122,1062255,https://walter-r2.trakt.tv/images/movies/001/062/255/posters/thumb/703c22010d.jpg.webp
123,7,https://walter-r2.trakt.tv/images/movies/000/000/007/posters/thumb/a4f84e22e4.jpg.webp
124,4242,https://walter-r2.trakt.tv/images/movies/000/004/242/posters/thumb/746f279ac1.jpg.webp
125,167397,https://walter-r2.trakt.tv/images/movies/000/167/397/posters/thumb/da66787e21.jpg.webp
126,762,https://walter-r2.trakt.tv/images/movies/000/000/762/posters/thumb/b6b5f0fa46.jpg.webp
127,866348,https://walter-r2.trakt.tv/images/movies/000/866/348/posters/thumb/53a8dcdae1.jpg.webp
128,798786,https://walter-r2.trakt.tv/images/movies/000/798/786/posters/thumb/54547d76c1.jpg.webp
129,1071852,https://walter-r2.trakt.tv/images/movies/001/071/852/posters/thumb/0d3908a1fc.jpg.webp
130,34073,https://walter-r2.trakt.tv/images/movies/000/034/073/posters/thumb/0146361178.jpg.webp
131,205127,https://walter-r2.trakt.tv/images/movies/000/205/127/posters/thumb/59972d4fb2.jpg.webp
132,927609,https://walter-r2.trakt.tv/images/movies/000/927/609/posters/thumb/1a102b1608.jpg.webp
133,50131,https://walter-r2.trakt.tv/images/movies/000/050/131/posters/thumb/6e250c3087.jpg.webp
134,71938,https://walter-r2.trakt.tv/images/movies/000/071/938/posters/thumb/de2265af49.jpg.webp
135,74,https://walter-r2.trakt.tv/images/movies/000/000/074/posters/thumb/c608400a0d.jpg.webp
136,25084,https://walter-r2.trakt.tv/images/movies/000/025/084/posters/thumb/c630b81726.jpg.webp
137,5355,https://walter-r2.trakt.tv/images/movies/000/005/355/posters/thumb/dabd6f1e13.jpg.webp
138,549,https://walter-r2.trakt.tv/images/movies/000/000/549/posters/thumb/919cf5c76e.jpg.webp
139,23734,https://walter-r2.trakt.tv/images/movies/000/023/734/posters/thumb/9270646f37.jpg.webp
